permalink,tweet_nonce,tweet_id,user_id,username,fullname,posted_time,reply_count,retweet_count,favorite_count,body
https://twitter.com/HulkHogan/status/960152768450265088,960152768450265088-2cfd7ec1-1d7b-46e5-afae-0e3d45a52808,960152768450265088,179932936,@HulkHogan,Hulk Hogan,1517753233,0,0,0,"Super Bowl Sunday at N Beach,but it‚Äôs really‚ÄùLeg Day Brother‚Äù!!!   Biggest decision of the day is should I pound Miller Lights in the can,‚Äùout of the can and into the Man‚Äù ,‚Äùor get crunk with some frozen cold Modelo! Maby a taste test in a while,‚Äùonly on facebooklive today lol HH"
https://twitter.com/sarahkendzior/status/959672045234802689,959672045234802689-a4404b11-d073-491e-aa07-c9b822033e48,959672045234802689,47475039,@sarahkendzior,Sarah Kendzior,1517638620,0,0,0,Trump Might Test a Nuke 'for Political Purposes' http://www.esquire.com/news-politics/politics/a16432584/trump-test-nuclear-weapon-politics/¬†‚Ä¶
https://twitter.com/MazeRunnerMovie/status/959607822060158976,959607822060158976-d13112b5-5e6a-43f6-b030-c0c92eca8feb,959607822060158976,785493949,@MazeRunnerMovie,The Death Cure,1517623308,0,0,0,"Thomas and Newt‚Äôs friendship is put to the test in #DeathCure, in theaters now. http://MazeRunnerTickets.com¬†pic.twitter.com/hQxGrRFjjV"
https://twitter.com/ErebusMsr/status/960261138423472128,960261138423472128-1bbd7289-2538-42a5-9bc7-0b89f6d06f10,960261138423472128,734354475314466816,@ErebusMsr,SOUDE,1517779070,1,3,9,We even got pap pics of B when she peed on pregnancy test
https://twitter.com/PVPLive/status/960259181088567296,960259181088567296-5076fafa-9064-440d-a5b9-17fd0bca2f47,960259181088567296,1129882992,@PVPLive,PvP Live,1517778604,3,2,11,Let us spell somethin out for you. F. R. E. E. There's no cost to you. Join up and test out the future of online tournaments!PS4: http://pvp.live/5Ej8¬†XB1: http://pvp.live/VdTb4yK¬†pic.twitter.com/pxPTnaw77q
https://twitter.com/itvnews/status/960249746949591047,960249746949591047-ccbd5ce8-ccf8-4bb5-bc43-75d6eb856e5f,960249746949591047,21866939,@itvnews,ITV News,1517776354,4,22,15,Thousands of cervical cancer screening test samples are being reviewed after an issue was discovered in a laboratory in England's South East http://www.itv.com/news/2018-02-04/more-than-2-000-cervical-screening-tests-reviewed-after-laboratory-error/¬†‚Ä¶pic.twitter.com/wHfqpoLJzf
https://twitter.com/russliquid/status/960225203002527744,960225203002527744-2cae56bb-e4bd-4eb2-a7c7-28ed7faca704,960225203002527744,26459251,@russliquid,the RusS LiQuiD TeSt,1517770503,2,4,40,Superbowl should b a weed holiday.
https://twitter.com/SInow/status/960228217666719745,960228217666719745-085b16dd-217e-434a-a95f-18980fb66a8e,960228217666719745,28370738,@SInow,Sports Illustrated,1517771221,3,31,88,"We asked the Pats who said it: Bill Belichick or Squidward?SpongeBob fans and #Patriots fans, test your knowledge  pic.twitter.com/Tdwubl489O"
https://twitter.com/BigCheds/status/960259694282661888,960259694282661888-b0c7c0b3-e775-4f1f-8f3f-3c4ff3f98b32,960259694282661888,129935623,@BigCheds,Cheds Trading [LTC],1517778726,5,2,11,$BTC #bitcoin critical support area test pic.twitter.com/EI2ZVJjPUD
https://twitter.com/MolMollieveitch/status/960253498872008706,960253498872008706-40520ab5-97c2-4f1c-be43-43ce80ba1bff,960253498872008706,2617741312,@MolMollieveitch,Molllllie ¬†üåª,1517777249,3,1,5,Driving test approaching. Failure approaching !!!!!!!!!!!!!!!!!!
https://twitter.com/oaktownbrown12/status/960240383320997888,960240383320997888-92aa4fdb-055f-4f4a-bd34-746c9c5ed56c,960240383320997888,3162948000,@oaktownbrown12@jenbrea,Scott Brown,1517774122,1,8,16,"Agreed. Always found it amusing that doctors don‚Äôt believe in ME/CFS because there‚Äôs no definitive test or cause, so they diagnose you with something else that has no definitive test or cause. https://twitter.com/jenbrea/status/960203093576003584¬†‚Ä¶"
https://twitter.com/USGA/status/960221565660139521,960221565660139521-faf06055-08ca-48b1-8c8f-01e6e45160cd,960221565660139521,16257130,@USGA,USGA,1517769635,1,4,23,"On this day in 1912, 1939 @usopengolf champion Byron Nelson was born. The machine that the USGA used for many years to test golf balls with, ""Iron Byron,‚Äù was modeled after the legend‚Äôs swing. pic.twitter.com/lkFdBcANHb"
https://twitter.com/nocopoutuk/status/960251260946599938,960251260946599938-284cb784-af65-4537-a12d-2ec7e647c817,960251260946599938,2901033340,@nocopoutuk,Alien destruction,1517776715,2,4,6,"May to be ‚Äòousted by Brexit dream team of Boris, Mogg and Gove‚Äô if she fails Brexit test http://shr.gs/OjuW1ia¬†"
https://twitter.com/Purrcules/status/960262204103778304,960262204103778304-243e3cd8-23fb-4a93-bc67-5a426240edb5,960262204103778304,405525280,@Purrcules,Big Kitty Committee ¬†üêæ,1517779324,5,0,5,So I did a DNA test and it turns out I'm actually 0% big cat. :/
https://twitter.com/NASA_SLS/status/960257018685722624,960257018685722624-eaab01dd-21ce-4585-a761-261b0aa664ff,960257018685722624,467739426,@NASA_SLS,NASA_SLS,1517778088,0,6,32,"WATCH: The second #NASASLS RS-25 engine test of 2018, the Super Blue Blood Moon and more this week at @NASA! READ MORE >> https://go.nasa.gov/2FCZeCs¬†#TWANpic.twitter.com/n9EsETh0pp"
https://twitter.com/PiFitti/status/960260846692704258,960260846692704258-47051c45-40cc-43cb-a02d-ff83a0b38b6e,960260846692704258,156997331,@PiFitti@Motorsport,Pietro Fittipaldi,1517779001,1,3,13,Thank you @DaleCoyneRacing @escuderiatelmex @IndyCar for another opportunity to test this amazing car. Looking forward to it!  https://twitter.com/motorsport/status/960254808421670912¬†‚Ä¶
https://twitter.com/AllConcussion/status/960261515109527552,960261515109527552-76cc5512-550a-4eb0-83a7-83b8e2c0507b,960261515109527552,262408822,@AllConcussion@Chartel77,All Concussion,1517779160,0,0,1,Have you ever had a full battery neuropsych test? That provides an assessment of your cognitive abilities. It takes a full day to day & 1/2 to complete.
https://twitter.com/Motorsport/status/960254808421670912,960254808421670912-6ea4b4d2-0759-405b-85aa-61c91b4aa58e,960254808421670912,36339032,@Motorsport,Motorsport.com,1517777561,0,10,21,Pietro Fittipaldi to run rookie oval @IndyCar test at Phoenix @ISMRaceway this week - http://bit.ly/2BUTTE7¬† @PiFitti @DaleCoyneRacingpic.twitter.com/bgAvJDCIkg
https://twitter.com/haiitsaubree/status/960260876774330369,960260876774330369-8a96c4f6-c4d3-4f57-8e27-802ffba88991,960260876774330369,439581952,@haiitsaubree,A¬†üåπ,1517779008,0,2,1,The real test of a relationship and person is how they handle you at your worst.
https://twitter.com/abbeyclements/status/960240267877109761,960240267877109761-f7bef50e-0079-405a-8f6d-6786cb52b4e5,960240267877109761,222319683,@abbeyclements,Abbey Clements,1517774094,2,15,37,"""It's a sad reality"" indeed. But DO NOT normalize school shootings. We can do much more to keep American children safe than buying bullet-proof backpacks (that don't claim to work on assault weapons). Join @MomsDemand & be a part of the real solution.http://www.kctv5.com/story/37372240/bulletproof-panels-for-students-backpacks-put-to-the-test¬†‚Ä¶"
https://twitter.com/Omojuwa/status/960225352319750144,960225352319750144-006de970-2560-45d0-b8aa-8a1beed75e8e,960225352319750144,115628224,@Omojuwa,JJ. Omojuwa,1517770538,5,15,22,"If I didn‚Äôt know better, I‚Äôd say it smells like a coup. Meanwhile, the Aso Rock cabal should kill the Babagana Kingibe idea. It is dead on arrival. You can test it. DOA!"
https://twitter.com/irishexaminer/status/960238606211305473,960238606211305473-6a5c516d-82b2-44e9-944e-bf224edab6d8,960238606211305473,19903360,@irishexaminer,Irish Examiner,1517773698,11,6,8,Sinn F√©in leaders 'face test' after Gerry Kelly apparently cuts clamp from car http://www.irishexaminer.com/breakingnews/ireland/sinn-fein-leaders-face-test-after-gerry-kelly-apparently-cuts-clamp-from-car-826266.html¬†‚Ä¶pic.twitter.com/epQurBYZhE
https://twitter.com/DanNerdCubed/status/960236947582136320,960236947582136320-bb2105bc-a41c-4b5e-b9e1-7bff98a394c4,960236947582136320,40542150,@DanNerdCubed,Daniel Hardcastle,1517773303,7,4,241,17 test recording on new type of mic. All good. Recorded a video. Muffled as shit and peaky. *sigh*
https://twitter.com/aaliyahbic/status/960261927183241216,960261927183241216-98cabdfe-c6f7-4d22-81ec-79dd510ffd2d,960261927183241216,612192584,@aaliyahbic,gumball waterson,1517779258,2,0,8,Im in disbelief that she saw a postive pregnancy test and was happy i would‚Äôve grabbed the closest sharp object
https://twitter.com/avspacemuseum/status/960256789412540418,960256789412540418-2dcc5089-1a77-4da1-9019-6773b244f2f8,960256789412540418,320419369,@avspacemuseum,#AvSpaceMuseum,1517778033,0,3,6,"Avro line crew congratulating Chief test pilot Janusz Zurakowski on a successful first flight in the Avro CF-105 Arrow RL201. Malton, Ontario. http://ow.ly/O7R230dpDk8¬†pic.twitter.com/xi0tZkQ6r3"
https://twitter.com/painandcats_/status/960249562236567552,960249562236567552-80ec3111-834f-4d8d-94e0-a14d71dca67e,960249562236567552,4871029499,@painandcats_,Laura ¬†‚ôøÔ∏è¬†üè≥Ô∏è‚Äçüåà¬†üåû,1517776310,1,1,4,"It's really easy to say you graduate students with 100% whatever-test-scores and 100% admittance to college when you literally kick out those who aren't meeting up with these ridiculous, unfounded standards."
https://twitter.com/forschungstorte/status/960252336101838850,960252336101838850-b689bc5f-a81b-4a0e-bc4c-1db9b886ab4c,960252336101838850,19395255,@forschungstorte,Elle Nerdinger ¬†üá™üá∫,1517776972,5,1,19,Makeup Test Selfie Extravaganza. ;) #glitterlipspic.twitter.com/Wdurnwzfwn
https://twitter.com/linuxfoundation/status/960252909710659584,960252909710659584-df4f6ced-e899-4c92-a477-cede19ea0f71,960252909710659584,14706299,@linuxfoundation,The Linux Foundation,1517777108,0,7,12,"This free guide for those seeking Linux Foundation certification will provide some critical things to keep in mind on test day, helpful hacks, & more! http://bit.ly/2apr3UJ¬† To #learnLinux, prepare!pic.twitter.com/vUKYa8Yp8t"
https://twitter.com/FraginalsIdania/status/960250765783764995,960250765783764995-6c003a3a-9e2e-4bdd-8c8b-5525d3a27f6e,960250765783764995,891424911457169414,@FraginalsIdania@DaShanneStokes,Idania fraginals,1517776597,1,2,1,Act of war? He was elected like the other 44 Presidents before him. Right?  Bigot? Reducing a medal for his work with Rosa Park? Unstable?  Did you read about his neuropsychological test? A genius.  Lying?  I would call it exaggerations because the OBOMIT REGIME were real liers.
https://twitter.com/FunniestVines/status/960222172533940234,960222172533940234-10309c10-5266-4dc5-9f3c-71ab82154b62,960222172533940234,585937668,@FunniestVines,Funniest Vines,1517769780,1,17,61,me when a test asks me for my name pic.twitter.com/XJjfTsayzX
https://twitter.com/Yids_/status/960257882607509516,960257882607509516-f290443d-cd6c-4fd3-9566-ebe2e0417d62,960257882607509516,2983904698,@Yids_@MrDtAFC,Yid,1517778294,0,2,3,"See you on Saturday you fruitcake, I‚Äôm going to test your chin https://twitter.com/mrdtafc/status/960238758116384769¬†‚Ä¶"
https://twitter.com/omariospizza/status/960244102238556162,960244102238556162-6c16f0fb-37c4-4f4a-bc0f-7e5ad78c5829,960244102238556162,348868623,@omariospizza,ÿπŸÖÿ± ÿ∑ÿßŸàÿπ,1517775009,2,2,47,If I don‚Äôt see at least one gay couple in a super bowl commercial I‚Äôm gonna boycott the entire sport don‚Äôt test me on this
https://twitter.com/SIUC_Ques/status/960249360733868034,960249360733868034-6c14a62c-80d8-487b-9470-fd02747ec03f,960249360733868034,755465950061858816,@SIUC_Ques,Killa OŒò,1517776262,0,6,2,"BHM Day 4 Ruby Bridges, Civil Rights activists born in Mississippi. She was given a test in kindergarten that would determine if she could attend an all white school. The test was purposely set up for her to fail but she passed the test and became the 1st AA to split segregation pic.twitter.com/sLbkztNk2s"
https://twitter.com/KatieOsgood_/status/960242351779311616,960242351779311616-83b5a6ce-b956-4643-99ed-c891b04bb017,960242351779311616,32882761,@KatieOsgood_,Katie Osgood,1517774591,1,6,7,"#BlackLivesMatterAtSchool When Black, high-poverty schools are allowed to experience joy and free expression in their schools. Most of the assemblies in my school center on test sores, after school is more test-prep. Kids hate the experience of school. Can you blame them?"
https://twitter.com/Ayesha_Insafian/status/960229347960541184,960229347960541184-9573ed31-2ad7-45d1-a5a7-46d2098769f7,960229347960541184,873821156,@Ayesha_Insafian,Ayesha,1517771491,6,3,10,My test is on Sunday and am here wasting my time on twitter Sabashhhh ayyy
https://twitter.com/Coop1411/status/960257514859360256,960257514859360256-07574637-70a9-4d0b-9028-4a5792a82be1,960257514859360256,271707415,@Coop1411@Kayy_Haven,jboogie3x,1517778206,2,1,2,Stop tweeting yo feeling and help a nigga pass a test or something
https://twitter.com/SkySportsNFL/status/960261478271143937,960261478271143937-8a1ae75a-8925-4fe1-bfa0-e5a1494739c5,960261478271143937,304321930,@SkySportsNFL,Sky Sports NFL,1517779151,0,2,10,Do you know your Tom Bradys from your Nick Foles? Put your NFL knowledge to the test with our ultimate #SuperBowl quiz! http://skysports.tv/SUkjvX¬†pic.twitter.com/JLW5emqkHi
https://twitter.com/dreamchasr717/status/960256495995834369,960256495995834369-8c5e6bd7-4688-442e-9c1c-3642acb5463e,960256495995834369,2914894173,@dreamchasr717,Aquarius.,1517777964,1,1,0,Women will forever test you and then try to shape you and Boom no more manhood
https://twitter.com/Shoot4Education/status/960246902343262208,960246902343262208-7ca0752e-b666-4ce2-91cb-b39ae0fb9ef7,960246902343262208,915494270,@Shoot4Education,Shoot4EducationShoot4Education,1517775676,0,3,1,"@BisforBerkshire We need to Teach to the child, not to the test.  2 moving & inspirational minutes with Jesse Hagopian TEACH WHAT MATTERS! pic.twitter.com/pAHUtbLpC0"
https://twitter.com/aspectasylumx/status/960258724236578818,960258724236578818-e70e4dcb-e5b3-411d-9ee7-8223632ef855,960258724236578818,704065145262231556,@aspectasylumx@360th,aspect asylum‚õ• [Âçê],1517778495,1,2,0,Is that a pregnancy test?
https://twitter.com/physorg_com/status/960234555805519872,960234555805519872-f62ceb0a-1201-4889-8652-8ce689568773,960234555805519872,17248121,@physorg_com,Phys.org,1517772733,6,81,332,#SpaceX's hot new monster #rocket ready for first test flight https://phys.org/news/2018-02-spacex-hot-monster-rocket-ready.html¬†‚Ä¶
https://twitter.com/_MissHill/status/960224875511209984,960224875511209984-cac35c32-960a-4ca7-b08b-4be039721a17,960224875511209984,935111473889718273,@_MissHill,the aloof girl,1517770425,1,2,6,Imagination and curiousity opens up a universe of possibilities to what is out there and bolsters a craving to comprehend it better and test common knowledge.
https://twitter.com/ClaytonTumas/status/960219618639011840,960219618639011840-9e66e805-80c3-4985-bd7e-f84bfa19e366,960219618639011840,942916860101779457,@ClaytonTumas,Clayton Tumas,1517769171,0,17,40,Teacher: Did you do last nights homework?Student: Did you grade my test?Teacher: I have other students tests to grade.Student: And I have other homework to do
https://twitter.com/Valiant50015/status/960242415549501443,960242415549501443-a0c0f742-15d8-4c8b-aff5-a42f4a2a05e7,960242415549501443,44721111,@Valiant50015,Valiant50015,1517774606,1,2,13,"Valiant had a successful test run to Heywood and back yesterday, all looks good again!"
https://twitter.com/AAskelson/status/960235342451363841,960235342451363841-bd1b0362-cdb6-46c6-8c2e-e1a8e77daa84,960235342451363841,995405563,@AAskelson,¬†‚òØÔ∏ènAmyste blissfully happy.¬†üòá¬†üî•,1517772920,2,25,68,Positive test. #MyTwoWordNightmare pic.twitter.com/5VX6NjEpW2
https://twitter.com/ebrennan66/status/960246387236638721,960246387236638721-d13b6d58-db82-46c0-b7e2-f905ad034ab9,960246387236638721,2260556377,@ebrennan66,ec,1517775553,1,1,7,I GOT A 95 ON MY TRIG TEST THAT I STUDIED 12 HOURS FOR!!!!!!!!!! I HAVE A 95 IN A MATH CLASS??????? WHO AM I
https://twitter.com/michaelfazel/status/960257814437531656,960257814437531656-fa079aef-0508-4d59-af0b-770a8013ef5a,960257814437531656,2942376401,@michaelfazel@EagleSpeed4311,mike,1517778278,0,5,34,He also said Foles would throw for 88 yards and get sacked 8 times. Obviously @nflnetwork doesn‚Äôt drug test https://twitter.com/eaglespeed4311/status/960255785551896576¬†‚Ä¶
https://twitter.com/Survols/status/960246896316043270,960246896316043270-cc327220-7db1-4d55-8f7c-0090b0054390,960246896316043270,706974126511169536,@Survols,Survols,1517775675,1,6,11,"A very epic #Maiden #Flight of the #F16 #Fighting #Falcon, #takeoff and #landing, accomplished by a great test #pilot : Phil Oestricher... #avgeekpic.twitter.com/EOwZlR7MaW"
https://twitter.com/NavyTimes/status/960244388889755649,960244388889755649-d532a85a-a3a7-4ec1-9e7c-e50224554654,960244388889755649,27114180,@NavyTimes,Navy Times,1517775077,0,12,36,The second Zumwalt-class stealth destroyer built at Maine‚Äôs Bath Iron Works has passed its sea test. https://trib.al/k33X0Hz¬†pic.twitter.com/hR0Z9YV1SU
https://twitter.com/Nureddinyildiz/status/960257332050583552,960257332050583552-941c10e2-0886-472a-99bd-779c16e5eded,960257332050583552,162016465,@Nureddinyildiz,Nureddin Yildiz (EN),1517778163,0,2,4,"Avoiding Haraam acts is not the only part of our test. Our intelligence, talents, youth, wealth and possessions...In short, all our means are our test."
https://twitter.com/MADBLACKTHOT/status/960248002853163008,960248002853163008-3618a30d-3721-45bc-bc7b-be814a2e8658,960248002853163008,783598064,@MADBLACKTHOT@CincinnatiZoo,THE HOOD ORACLE,1517775939,0,0,0,my sister said ‚ÄúI just took a DNA test turns out I'm 100% that bitch‚Äù I heard it loud and clear. https://twitter.com/cincinnatizoo/status/960204729350545409¬†‚Ä¶
https://twitter.com/boucherhayes/status/960240385468530688,960240385468530688-ad8d467c-dcc6-425e-ac3b-14a6ba2f987d,960240385468530688,158512580,@boucherhayes@rtetwip,Philip Boucher-Hayes,1517774122,7,29,34,This was an interesting excercise. Global comparison test. Ireland‚Äôs abortion laws are more restrictive than Saudi Arabia‚Äôs https://twitter.com/rtetwip/status/960213905183264769¬†‚Ä¶
https://twitter.com/ncaawbb/status/960241823313747968,960241823313747968-c523a064-5ac1-419c-bef0-778f43ac4548,960241823313747968,63799043,@ncaawbb,NCAA Women's BKB,1517774465,1,13,32,#ncaaW's best home record (14-0) will be put to the test in this @pac12 battle!:  No. 24 @StanfordWBB at No. 6 @OregonWBB :  @ESPN 2:  3:00PM ET:  Matthew Knight Arenapic.twitter.com/uvrXWSEjAp
https://twitter.com/SpaceCapsules/status/960256139379298306,960256139379298306-204ce029-3b23-4672-9d83-aae3b30685a7,960256139379298306,3398634052,@SpaceCapsules,Maki,1517777878,0,6,35,was doing a quick style test and decided to try it out with @_mrsteak's cute oc!pic.twitter.com/p5hl5MYc4i
https://twitter.com/BellamySuzanne/status/960257610879504389,960257610879504389-7837ce7c-40e7-41a7-bf9d-3d18054c9521,960257610879504389,845996024,@BellamySuzanne,Suzanne Bellamy,1517778229,0,0,5,"#BiggestLittleRailway She made it, what a test of endurance. It may come as a surprise but the Silver Lady used was the factory prototype pre production model and had already seen around 10 years service, go Silver Lady."
https://twitter.com/g_wood1398/status/960246406895333378,960246406895333378-4eaea899-8bc0-494f-900c-40c66ce394ec,960246406895333378,347564448,@g_wood1398,g wood,1517775558,2,0,7,"Mental strength is so important, time to test mine out hahah"
https://twitter.com/Koola_UE4/status/960243987201298432,960243987201298432-d42e415b-70b8-48e6-8fee-93b39f519a0f,960243987201298432,3674821463,@Koola_UE4,Koola,1517774981,3,7,26,Underwater test : https://youtu.be/vubSSWC4O0o¬†#UE4 #SubstanceDesignerpic.twitter.com/SHA3TH0uVQ
https://twitter.com/MastersLegacyYT/status/960263235344613376,960263235344613376-90d8ba65-a155-49fe-93d6-d649a438258a,960263235344613376,845228445093150720,@MastersLegacyYT,Voltik Alakay ¬†üî•¬†üëë,1517779570,0,1,0,"Hey guys do you know which is the fastest Jason or Jason imposter !? The answer is simple... Usain Bolt in a hockey mask Well today we test out the newest updated jasons vs the pre upd. jasons and see which is faster, https://youtu.be/WFSIBBRyTNk¬†@Friday13thGame @weskeltnerpic.twitter.com/88Um2lK1vi"
https://twitter.com/SeemaStredny/status/960257161027866631,960257161027866631-0a76195f-887c-4c9e-a8f1-1a335a22b900,960257161027866631,973704955,@SeemaStredny,Seema Stredny,1517778122,0,3,5,"Nearly all men can stand adversity, but if you want to test a man's character, give him power."
https://twitter.com/chagg3_/status/960257134083608576,960257134083608576-a4746944-94e2-41e2-bc5e-f602769ba7f2,960257134083608576,4175647037,@chagg3_,‚ú∞caroline‚ú∞,1517778116,1,1,7,I just don‚Äôt know how my teacher expects me to study for this test after Kylie announced she had her mf baby
https://twitter.com/uDropNetwork/status/960255115050586112,960255115050586112-1901a54f-a864-4988-96ac-eacd645c24e7,960255115050586112,865662202505646080,@uDropNetwork,uDrop Network,1517777634,0,3,4,Thanks guys for join a beta test 3.0 AMAZING  pic.twitter.com/lBKdaRI9Ci
https://twitter.com/emojaleah/status/960254944329814016,960254944329814016-d19f07e2-e80d-4995-9595-cac61f3e0896,960254944329814016,2247886292,@emojaleah,Aphrodite,1517777594,0,3,3,Just took a DNA test and it turns out that I am 100% that bitch
https://twitter.com/MsAvaArmstrong/status/960254221412073472,960254221412073472-7b275154-ef26-436d-8962-2b5f82abf3ec,960254221412073472,2449913803,@MsAvaArmstrong,Ava Armstrong,1517777421,0,5,6,study this -- there will be a test later pic.twitter.com/bWJlfbf3wc
https://twitter.com/AngProc/status/960252670933192705,960252670933192705-356fe2d4-ae8d-4508-9152-3c27d649e7c9,960252670933192705,832863248454184960,@AngProc@SkinsFlwTrain,AngProc,1517777052,0,5,7,"Thank you all so very much for the love and prayers. I will have several test done tomorrow and results Tuesday. I'm grateful for a wonderful Superbowl Sunday, to take my mind off cancer and on to my first love football."
https://twitter.com/zaheerzee/status/960247184468905984,960247184468905984-c68e6070-8ddd-420e-a1da-1aa43de62254,960247184468905984,88247017,@zaheerzee,Zaheer_motara,1517775743,0,5,21,May allah save us from our spouses being a test inshallah.
https://twitter.com/chitsie25/status/960243879135019013,960243879135019013-ad7ef7c6-501d-4c8a-94e1-22d4c774aa84,960243879135019013,10709412,@chitsie25,OluwaChidinma,1517774955,0,3,6,Does the big brother team conduct any mentality test for these contestants at all??? #BBNaija
https://twitter.com/TomChanth/status/960232527784005633,960232527784005633-249822f3-7ae2-4de0-a0a3-84904ab40730,960232527784005633,1279068506,@TomChanth,Tom Chanth,1517772249,0,7,9,‚ÄúBatgirl of Burnside‚ÄùColour Pencils & Watercolor Test...! pic.twitter.com/NFEN4ergwt
https://twitter.com/mahouprince/status/960230618838831105,960230618838831105-b076b6bd-0097-46c7-b127-13afbecab350,960230618838831105,725072950114836480,@mahouprince,¬†‚ú®¬†üëëPRINCE¬†üëë¬†‚ú® @KATSU crunch,1517771794,2,4,32,Cold Stone x Yuri on Ice collab for katsucon!!! Just did my makeup test and I was too excited to realize I put my apron on backwards ahdjfksksjs I just have to finish my props and accessories and he's complete!!!! pic.twitter.com/OgjvmV9M1m
https://twitter.com/OpDragoon/status/960227541561892866,960227541561892866-242d0b7a-6842-4319-8626-31100afa6558,960227541561892866,719514813886500864,@OpDragoon,Operation Dragoon,1517771060,3,7,33,"Driver passed test in May 2017. Stopped today driving without insurance. That‚Äôs 6 points. That‚Äôs their licence revoked, back to provisional status. Cost of insurance is going to be massively increased with an IN10 conviction. Plenty of water for the walk home. #seizedpic.twitter.com/6PkfpsOVXI"
https://twitter.com/sleezyfbabyy/status/960221119415508993,960221119415508993-ff1edc3b-9d97-4eb7-b456-87ddee802148,960221119415508993,100556855,@sleezyfbabyy,Slee the Slayer.,1517769529,0,12,8,sometimes you have to speak victory during the test.
https://twitter.com/CooperMacLaren/status/960220645903626240,960220645903626240-59230138-09d6-4a21-9527-de1489c1ef45,960220645903626240,239069671,@CooperMacLaren,Jason Andersson,1517769416,0,4,6,Listening to @thelynnes vinyl test pressing on the big speakers at @Therecordcentre today and holy smokes are you people in for a treat. @lynnehanson @lynnmilesmusic
https://twitter.com/shariq312/status/960220201185939456,960220201185939456-31b3b606-57f4-4d5d-8062-4132e57b0e55,960220201185939456,728657465768857600,@shariq312@ThisHaris,Shariq latif,1517769310,0,8,16,"I will pray, you will fail that test https://twitter.com/ThisHaris/status/960220049876414464¬†‚Ä¶"
https://twitter.com/ScorpioTweetss/status/960220015399260160,960220015399260160-1a79ca8b-a19b-4419-9178-febbb2979356,960220015399260160,315853846,@ScorpioTweetss,Scorpio,1517769266,0,7,11,#Scorpios will test the loyalty of their friends periodically to filter out the unworthy friends.
https://twitter.com/FinaIFIash_/status/960217786076270592,960217786076270592-eda0d2d6-1206-4250-a0e0-c010cf1e905a,960217786076270592,307361119,@FinaIFIash_,M,1517768734,1,5,2,Klopp was doing bleep test for no reason
https://twitter.com/LLSteph_/status/960217271691022340,960217271691022340-d0d036a9-7711-40e9-b40a-5e4b031d8361,960217271691022340,267948446,@LLSteph_,-,1517768612,1,5,5,what you tellin me klopp did bleep test for nothing
https://twitter.com/YasirAadil/status/960216756332752898,960216756332752898-d7a2ff75-d583-4ac1-a90f-538128ee8150,960216756332752898,4309350628,@YasirAadil,Yasir Mengal,1517768489,1,7,9,HEC has just destroyed people's hope of getting merit based admissions in Bolan Medical University Quetta. Students were seen using mobile phones and other cheating instruments during MBBS test.#Quettapic.twitter.com/xZPI6MoM53
https://twitter.com/fckdot/status/960214956024221696,960214956024221696-2f6182ca-ba34-46e3-8a27-cc6be71de1f0,960214956024221696,1559308568,@fckdot,Velma Dinkley,1517768060,1,13,60,"The FitnessGram‚Ñ¢ Pacer Test is a multi-stage aerobic capacity test that progressively gets more difficult as it continues. The 20-meter Pacer test will begin in 30 seconds. Line up at the start. The running speed starts slowly, but gets faster every minute -#tweetlikethe2000spic.twitter.com/Go0g93KqVl"
https://twitter.com/ChrolIu/status/960213583249461249,960213583249461249-1574f079-5e75-48c7-954a-faeacb5e3412,960213583249461249,2280217165,@ChrolIu,‚âñ‚Äø‚âñ,1517767732,0,11,13,My test anxiety and lack of studying working in overdrive  pic.twitter.com/ZeREvVFYF7
https://twitter.com/onzcoin/status/960213474151350272,960213474151350272-12caf141-6d84-4c93-9c7c-9df0c0dba580,960213474151350272,935820794118127616,@onzcoin,ONZCoin,1517767706,0,7,12,ONZ TESTNET Launched now!Thanks for the hard work of developers! ONZ TESTNET is open for a test run.- much faster better block turnaround time- more secure address system to avoid collision- better voting mechanismExplorerhttps://texplorer.onzcoin.com¬†#ico #onzcoin #dpospic.twitter.com/xl1wPLiQpF
https://twitter.com/witchyoberchass/status/960253392382722052,960253392382722052-66be8224-2315-4f7e-ac97-4ee77037f037,960253392382722052,1921582068,@witchyoberchass,Shane,1517777224,0,1,6,"Whenever I have a test I didn‚Äôt study for, I wear a Seahawks jersey. That way, I know I‚Äôll pass when I shouldn‚Äôt"
https://twitter.com/MilitaryTimes/status/960252190790180864,960252190790180864-2ace0f4a-78cb-41c7-8b77-c2d6e73e39e7,960252190790180864,27027979,@MilitaryTimes,Military Times,1517776937,1,15,24,The second Zumwalt-class stealth destroyer built at Maine‚Äôs Bath Iron Works has passed its sea test. http://bit.ly/2BToQJ3¬†pic.twitter.com/pJnz0PEFix
https://twitter.com/JChambs17/status/960249285190258688,960249285190258688-460d9e48-af66-464c-98c4-f4e87ecaf5d1,960249285190258688,788203447996805124,@JChambs17,Justin Chamberlain,1517776244,0,2,3,‚ÄúNever test the depth of a river with both feet‚Äù
https://twitter.com/race22/status/960247012187877376,960247012187877376-a89505b5-ed7c-404f-bf7b-21b94ba42f8f,960247012187877376,30990414,@race22,RACE22.com,1517775702,1,5,7,Southern National Motorsports Park (@SNM_Park) stages successful @AmericanRacerIn tire test ¬ª http://race22.online/southern-national-motorsports-park-stages-mccreary-tire-test/¬†‚Ä¶ Reaction from drivers positive. #NWAAS #NASCARpic.twitter.com/pV2hrotgjJ
https://twitter.com/__robobyn__/status/960244494166839297,960244494166839297-76a3eadd-b3d3-4aad-8005-e3c084cf120a,960244494166839297,874115496685092864,@__robobyn__,Robyn Lundin,1517775102,0,2,7,Proposal - everyone who gets TSA pre-check needs to pass a test.Get your bags and your body through the security checkpoint in under 30 seconds.
https://twitter.com/JustinRohrman/status/960234071501754370,960234071501754370-4e140bb6-0924-42e1-8b99-7f57587c3923,960234071501754370,252697281,@JustinRohrman,Justin Rohrman,1517772617,0,4,2,Do you work in software development? Have a story to tell about how you test? I can help you get published in @StickyMinds send me a message and let's talk.
https://twitter.com/jlboatright4700/status/960232020629708801,960232020629708801-6a024b41-66ee-4ebc-b375-ede647d4c2ce,960232020629708801,707358402234753024,@jlboatright4700,Jessica Boatright,1517772128,0,2,5,"Psalm 139:23-24 ‚ÄúSearch me, O  God and know my heart; test me and know my anxious thoughts. See if there is any offensive way in me, and lead me in the way everlasting.‚Äù pic.twitter.com/dqLh6gUqnj"
https://twitter.com/sally_fawcett/status/960230028092076034,960230028092076034-2b71a4e5-9b20-4702-b39a-29b6a456d5b0,960230028092076034,3114267909,@sally_fawcett,sally fawcett,1517771653,0,3,14,"Another snowy, boggy recce of the Edale Skyline, at 14 miles the Hope Brink climb is a real test, the anti-clockwise route is definitely much tougher! #myMontane #FurtherFasterNeo @katieboden4pic.twitter.com/MsZwK3Mmjm"
https://twitter.com/dylanmalpas/status/960216606658957313,960216606658957313-21d7d9b6-5a10-4aa1-9631-7229f8c653d6,960216606658957313,494434468,@dylanmalpas,Dylan,1517768453,0,5,17,Another good performance and another 3 points. The big test next week when  we take on @DurhamFutsal at home at DRSV @UoNSport. A win will take us a step closer to what we are out to achieve @UoNFutsal #greenandgoldpic.twitter.com/ywGUd1snaO
https://twitter.com/HeidiPriebe1/status/960215811716763648,960215811716763648-278f48e2-4062-4f65-8923-c2dc57951a6c,960215811716763648,419062662,@HeidiPriebe1,Heidi Priebe,1517768264,3,10,50,The only thing an online personality test is likely to tell you is how you like to think of yourself. A misguided but certainly not useless thing to know. One of the most powerful things you'll ever learn about another person is how they like to see themselves.
https://twitter.com/shazisaraptor/status/960214564708241411,960214564708241411-fabe6779-4703-4d3e-964f-d849fe1c2bd0,960214564708241411,1211812351,@shazisaraptor,I said whoever threw that paper,1517767966,0,12,9,We also get detention and study on the floor outside the main office till 10 pm if we fail a test until we pass three tests in a row.  We don't have tomorrow off. You can't bring food or water into class(tho we often sneak some in)
https://twitter.com/RodriguezDaGod/status/960214313888821254,960214313888821254-e4e87e20-d46d-4bbe-9bea-470caeec905b,960214313888821254,4060851732,@RodriguezDaGod,"„Ö§King Nathan, II  ìÉµ",1517767907,0,0,0,Time only moves fast when:- You‚Äôre having fun- You‚Äôre taking a hard test- You buy fruit and the next day it expires- You‚Äôre on Vacation- You on Netflix- You‚Äôre sleeping
https://twitter.com/Ligottedzn/status/960214158838063105,960214158838063105-24d2139d-274b-458f-accc-6be926690900,960214158838063105,744613435070103553,@Ligottedzn,Ligotte Thumbmaker,1517767870,1,5,18,Wallpaper para @WGBrasilx e @LNDinizGames RT and FAVtest de light pic.twitter.com/X8lryqQeoe
https://twitter.com/TronCarterNLU/status/960212748687753217,960212748687753217-ae7814b0-896d-4f57-8e93-77803db529f1,960212748687753217,237264853,@TronCarterNLU,Tron Carter,1517767533,13,7,158,"Big test for Fowler today, or as the patrons here affectionately refer to him: ""BIG DICK RICK!"" *Stacked* board giving chase (which means we Chez Reavie will probably win)."
https://twitter.com/allmenaretrash/status/960212501123051520,960212501123051520-071e1c54-6f4b-4f38-80ae-ffae3061c4ed,960212501123051520,57141374,@allmenaretrash,"yes, i am a bitch...BICTH",1517767474,0,8,12,"I just took a DNA test, turns out I'm 100% that bitch."
https://twitter.com/GRMDAILY/status/960211719812501504,960211719812501504-62c36ff2-6d92-4de1-8b21-cb96f0a2d743,960211719812501504,22922263,@GRMDAILY,GRM Daily,1517767288,1,16,20,GRM EXCLUSIVE: Ghana is put to the test in 'The Best Jollof In London' episode 1 @MrBigzOfficial http://bit.ly/2EDK40l¬†pic.twitter.com/QVD0T87SGC
https://twitter.com/_Afriquee_/status/960211455764201473,960211455764201473-17d6924e-d3aa-48fb-bb23-4ae4686fb5da,960211455764201473,69977798,@_Afriquee_,Risikat,1517767225,0,4,4,Yall ever look up at God and be like ‚ÄúOKAY. I get it! Ive learned my lesson. Can this little test be over pleaseeee‚Äù
https://twitter.com/Cashking4life2k/status/960208310925516800,960208310925516800-4fff30ea-5060-4dcd-8909-3dc6f71247aa,960208310925516800,949314842866933761,@Cashking4life2k,Cashking4life224,1517766475,2,3,13,This combine is not only a test of skill. It's most def also a test of will. @NBA2KLeague @WalkOnWarriors @youFamousEnough
https://twitter.com/YRINCAsh/status/960248050206871553,960248050206871553-6bdaf1b5-8b0c-41fd-8d67-becdf17135b3,960248050206871553,2445371557,@YRINCAsh,Ash/YRI,1517775950,0,4,2,test graphics#pixel #pixelart #gamedev #devblog #devlogpic.twitter.com/AXA9ATmCD5
https://twitter.com/LEAD_Coalition/status/960241046541156352,960241046541156352-8db6ea53-11a8-4f01-8423-5c3960e332c8,960241046541156352,64703161,@LEAD_Coalition,Ian Kremer,1517774280,0,7,3,#Alzheimers could be spotted seven years before symptoms appear with simple memory test¬† http://www.telegraph.co.uk/science/2018/02/04/alzheimers-could-spotted-seven-years-symptoms-appear-simple/¬†‚Ä¶ by @sarahknapton via @TheADDF #dementia #neuroscience #sciencepic.twitter.com/xM74592Iw5
https://twitter.com/laurendolbear/status/960239442685554688,960239442685554688-93b740e9-e3f1-410f-b6a0-9c858fc3a8ed,960239442685554688,442975160,@laurendolbear,Lauren Dolbear,1517773898,2,3,13,Good team performance today @QPRLFC with a few chances to test my @GWKeeping gloves #QPRLFC #FAWPL #GKUnion pic.twitter.com/S5gewjXogL
https://twitter.com/Jamiehooper17/status/960237233071689729,960237233071689729-f1c0e087-4d5e-4d8e-8944-fde8c11dcee0,960237233071689729,1348090958,@Jamiehooper17,Jamie hooper,1517773371,2,2,4,weather looking cold but dry for tomorrow's @AllianceSheff at Bondhay GC tomorrow always a tough test of golf round there
https://twitter.com/ryanleskis/status/960228422474756097,960228422474756097-b0864bfb-87cb-4da6-82e0-d60cb9f54c25,960228422474756097,820374919167016961,@ryanleskis,Rumpelplisskin,1517771270,0,2,3,It‚Äôs a site for our government to test the G.R.O.N.K. The Gridiron Robotic Offensive Neckless Killer. There will be no WW3 #FakeBigGameFacts
https://twitter.com/cnnphilippines/status/960226452649205760,960226452649205760-065ec4c1-f3c3-4b3b-9434-3ea8c8e5d054,960226452649205760,2811559122,@cnnphilippines,CNN Philippines,1517770801,0,8,5,Blood test detects proteins linked to Alzheimer's disease http://cnn.ph/2BSDxf6¬†pic.twitter.com/zJaHdI4zPc
https://twitter.com/derrick_daKidD/status/960225458079006722,960225458079006722-4415673b-b62a-42d4-8192-eaf526adfb92,960225458079006722,314119463,@derrick_daKidD,Derrick,1517770563,1,4,11,My personal favorite and every single one of you knows this is coming: The Steelers first offseason drama regarding a drug test. Which usually leads into yinzers wanting Tomlin fired. This is a really fun tradition.
https://twitter.com/RaudyRod/status/960224006946349056,960224006946349056-6f03b1de-ccad-4223-b1a9-21c5722cdd17,960224006946349056,712133353445523456,@RaudyRod,T- Money,1517770218,0,3,2,Just cause you fine dont exclude you from goin through the same kinda test a ugly bitch gotta go through when you fwm * Tank voice lol
https://twitter.com/oluuuuuuchi/status/960221405844566016,960221405844566016-31c9a7be-d078-4f71-8c68-4f9291d96996,960221405844566016,2296892072,@oluuuuuuchi,Lu¬†üíï,1517769597,0,3,3,If anyone has taken Chapman for Cell Bio at UNT HML !!! Please and RT i just want to see the format of his test #UNT #UNT Cell Bio exams plzzz
https://twitter.com/car0lcity/status/960220294144196608,960220294144196608-e217728a-e72a-4f62-b6b5-444467b8de51,960220294144196608,718432657,@car0lcity,pinolera,1517769332,1,8,16,I just took a DNA testTURNS OUT IM 100% THAT BITCH
https://twitter.com/GreedyFinDom/status/960217625359015938,960217625359015938-f9e3fb02-793d-4a6f-a43c-10c3f4d5937e,960217625359015938,899858123892166656,@GreedyFinDom,El Rey,1517768696,5,38,84,Subs who want to ‚Äútest the waters‚Äù with small tributes are annoying. They always expect you to give them your all but don‚Äôt wanna give THEIR all. If you wanna test the waters I‚Äôm gonna do the same. Enjoy your watered down experience you stingy fuck.
https://twitter.com/ProperDemocrat/status/960215061460606976,960215061460606976-0aedba3a-62b9-4b61-9233-e6373e45c84b,960215061460606976,901443409650618369,@ProperDemocrat@BathUKIP,Proper Democrat,1517768085,0,4,4,Fishing is an acid test of a proper Brexit - we should be reclaiming full control over whole of our EEZ from day 1 and then establishing regional control boards to manage the fisheries according to the local conditions (which vary enormously round our coasts) @fishingforleave
https://twitter.com/IamPopTheNarrat/status/960211149127008256,960211149127008256-a2512be9-2124-4c8b-8b2a-4e1a32ea28d2,960211149127008256,888176567645614080,@IamPopTheNarrat,¬†üçÅDeplorable¬†üêÄDave¬†üçÅ,1517767152,1,9,9,"To that end, #JihadiJustin & gov passed #BillC6. That insures that all the illegals who were granted refugee status, and everyone else Trudeau measured to scoop b4 2017 will be eligible voters by 2019. Likewise knowledge of English & test requirements were lowered...#cdnpoli12/"
https://twitter.com/AWilliamsUSA/status/960211054369402880,960211054369402880-13408874-2376-4233-9eab-3594406eb26f,960211054369402880,226022989,@AWilliamsUSA,¬†‚úùAnthony Williams¬†üèà,1517767129,2,7,5,"FREE @TXFBShowcase Unsigned Senior Showcase is 7 days away!Walk up registration available at 9 AM.Players must bring copies of: HS transcript, completed NCAA worksheet and SAT/ACT test scores.FREE registration for players at https://buff.ly/2GMW8gk¬†#GivingBack #StudentAthletepic.twitter.com/FDZnTzbi6W"
https://twitter.com/Motorsport/status/960208662034722816,960208662034722816-2e65741d-b531-4273-9c9f-dddc62da5341,960208662034722816,36339032,@Motorsport,Motorsport.com,1517766559,0,6,16,". @42JordanKing, set for his first test with @ECRIndy tomorrow, is aiming for a full-time @IndyCar ride in 2019 - http://bit.ly/2nFKgUI¬†pic.twitter.com/3AI2t6hj5J"
https://twitter.com/shelbbabyg/status/960207527190417408,960207527190417408-98cea271-4031-4a75-a96a-81c55f023603,960207527190417408,770689528701018112,@shelbbabyg,maw??¬†üë∏üèº,1517766288,0,5,10,Try my hardest to be a nice person but life just keeps throwing me more and more shit to test my patience
https://twitter.com/SportsCentraI_/status/960203888874938368,960203888874938368-7c9a2fef-b878-4ad3-803a-1d6cb2ca2e15,960203888874938368,2839244544,@SportsCentraI_,Best Of Sports,1517765421,0,10,15,"Jeremy Lin went from ""Mom I got a 95 on my test"" to the villain in a movie about underground street racing pic.twitter.com/9K9Vjkn3JB"
